,Map Name,Play Rate,Atk Win,Def Win,Num Matches
0,Lotus,0.142,0.514,0.486,96065
1,Breeze,0.14300000000000002,0.496,0.504,96377
2,Sunset,0.141,0.488,0.512,95363
3,Split,0.142,0.474,0.526,96286
4,Bind,0.14300000000000002,0.47200000000000003,0.528,97013
5,Ascent,0.14400000000000002,0.45799999999999996,0.542,97359
