,Map Name,Play Rate,Atk Win,Def Win,Num Matches
0,Lotus,0.142,0.521,0.479,1240044
1,Breeze,0.141,0.501,0.499,1230158
2,Sunset,0.141,0.494,0.506,1230815
3,Split,0.14300000000000002,0.486,0.514,1246120
4,Bind,0.14400000000000002,0.48,0.52,1251787
5,Ascent,0.14300000000000002,0.47200000000000003,0.528,1251158
