,Map Name,Play Rate,Atk Win,Def Win,Num Matches
0,Lotus,0.142,0.514,0.486,29279
1,Breeze,0.14300000000000002,0.494,0.506,29430
2,Sunset,0.141,0.486,0.514,29150
3,Bind,0.14300000000000002,0.475,0.525,29415
4,Split,0.14300000000000002,0.473,0.527,29510
5,Ascent,0.14400000000000002,0.455,0.545,29574
