,Map Name,Play Rate,Atk Win,Def Win,Num Matches
0,Lotus,0.142,0.529,0.47100000000000003,1164232
1,Breeze,0.141,0.508,0.49200000000000005,1160221
2,Sunset,0.142,0.498,0.502,1163348
3,Split,0.14300000000000002,0.49200000000000005,0.508,1170559
4,Bind,0.14300000000000002,0.489,0.511,1173210
5,Ascent,0.14300000000000002,0.47600000000000003,0.524,1172486
