,Map Name,Play Rate,Atk Win,Def Win,Num Matches
0,Lotus,0.142,0.522,0.478,1380017
1,Breeze,0.141,0.502,0.498,1368361
2,Sunset,0.141,0.494,0.506,1368657
3,Split,0.14300000000000002,0.48700000000000004,0.513,1386690
4,Bind,0.14300000000000002,0.48100000000000004,0.519,1391304
5,Ascent,0.14300000000000002,0.473,0.527,1390975
