,Map Name,Play Rate,Atk Win,Def Win,Num Matches
0,Lotus,0.142,0.514,0.486,395828
1,Breeze,0.142,0.496,0.504,394430
2,Sunset,0.141,0.489,0.511,392552
3,Split,0.14300000000000002,0.479,0.521,396980
4,Bind,0.14400000000000002,0.473,0.527,399446
5,Ascent,0.14400000000000002,0.46299999999999997,0.537,399807
