,Map Name,Play Rate,Atk Win,Def Win,Num Matches
0,Lotus,0.142,0.518,0.48200000000000004,843276
1,Breeze,0.141,0.498,0.502,836765
2,Sunset,0.141,0.491,0.509,835890
3,Split,0.14300000000000002,0.484,0.516,848220
4,Bind,0.14300000000000002,0.47600000000000003,0.524,851016
5,Ascent,0.14400000000000002,0.46799999999999997,0.532,851240
