,Map Name,Play Rate,Atk Win,Def Win,Num Matches
0,Lotus,0.142,0.528,0.47200000000000003,1553923
1,Breeze,0.141,0.506,0.494,1543296
2,Sunset,0.142,0.49700000000000005,0.503,1548897
3,Split,0.14300000000000002,0.49,0.51,1563865
4,Bind,0.14300000000000002,0.486,0.514,1566286
5,Ascent,0.14300000000000002,0.475,0.525,1565356
