,Map Name,Play Rate,Atk Win,Def Win,Num Matches
0,Lotus,0.142,0.515,0.485,623035
1,Breeze,0.141,0.496,0.504,618492
2,Sunset,0.141,0.49,0.51,617862
3,Split,0.14300000000000002,0.48200000000000004,0.518,625969
4,Bind,0.14300000000000002,0.475,0.525,628310
5,Ascent,0.14400000000000002,0.466,0.534,628936
