,Map Name,Play Rate,Atk Win,Def Win,Num Matches
0,Lotus,0.142,0.529,0.47100000000000003,649226
1,Breeze,0.142,0.512,0.488,648443
2,Sunset,0.142,0.5,0.5,650746
3,Split,0.14300000000000002,0.498,0.502,652801
4,Bind,0.14300000000000002,0.49,0.51,653269
5,Ascent,0.14300000000000002,0.478,0.522,652938
