,Map Name,Play Rate,Atk Win,Def Win,Num Matches
0,Lotus,0.142,0.523,0.47700000000000004,1486052
1,Breeze,0.141,0.503,0.49700000000000005,1474963
2,Sunset,0.141,0.495,0.505,1476602
3,Split,0.14300000000000002,0.488,0.512,1493602
4,Bind,0.14300000000000002,0.48200000000000004,0.518,1498450
5,Ascent,0.14300000000000002,0.473,0.527,1498925
