,Map Name,Play Rate,Atk Win,Def Win,Num Matches
0,Lotus,0.142,0.529,0.47100000000000003,865629
1,Breeze,0.142,0.51,0.49,863391
2,Sunset,0.142,0.499,0.501,866679
3,Split,0.14300000000000002,0.494,0.506,871659
4,Bind,0.14300000000000002,0.489,0.511,872183
5,Ascent,0.14300000000000002,0.47600000000000003,0.524,871786
