,Map Name,Play Rate,Atk Win,Def Win,Num Matches
0,Lotus,0.142,0.515,0.485,513642
1,Breeze,0.141,0.496,0.504,510565
2,Sunset,0.141,0.489,0.511,508837
3,Split,0.14300000000000002,0.48100000000000004,0.519,515474
4,Bind,0.14300000000000002,0.474,0.526,517786
5,Ascent,0.14400000000000002,0.46399999999999997,0.536,518260
